IdCommande,IdOffre,Date_commande,Conditions_de_vente
CMD501,O203,2026-02-09,Paiement comptant
CMD502,O204,2026-05-20,Paiement 3x
CMD503,O205,2026-08-14,Credit
CMD504,O206,2026-04-02,Paiement 3x
CMD505,O207,2026-01-18,Cheque
CMD506,O208,2026-04-21,Leasing
CMD507,O209,2026-01-25,Cheque
CMD508,O210,2026-02-22,Leasing
CMD509,O211,2026-06-07,Leasing
CMD510,O212,2026-01-27,Cheque
CMD511,O213,2026-01-03,Paiement comptant
CMD512,O214,2026-07-13,Paiement 3x
CMD513,O215,2026-05-08,Credit
CMD514,O216,2026-05-03,Paiement 3x
CMD515,O217,2026-02-16,Paiement comptant
CMD516,O219,2026-08-04,Paiement comptant
CMD517,O220,2026-01-08,Credit
CMD518,O223,2026-04-09,Paiement comptant
CMD519,O224,2026-04-23,Paiement comptant
CMD520,O225,2026-03-27,Paiement 3x
CMD521,O226,2026-01-23,Leasing
CMD522,O227,2026-09-20,Paiement comptant
CMD523,O229,2026-06-17,Credit
CMD524,O230,2026-04-08,Cheque
CMD525,O231,2026-04-17,Cheque
CMD526,O234,2026-07-22,Leasing
CMD527,O235,2026-03-03,Paiement 3x
CMD528,O236,2026-04-20,Paiement comptant
CMD529,O237,2026-07-02,Credit
CMD530,O239,2026-03-30,Paiement comptant
CMD531,O241,2026-07-25,Credit
CMD532,O242,2026-01-07,Leasing
CMD533,O243,2026-04-19,Leasing
CMD534,O244,2026-04-23,Paiement comptant
CMD535,O245,2026-05-23,Cheque
CMD536,O246,2026-07-08,Paiement comptant
CMD537,O247,2026-02-04,Paiement 3x
CMD538,O248,2026-07-30,Credit
CMD539,O249,2026-09-13,Paiement comptant
CMD540,O250,2026-03-29,Credit
CMD541,O251,2026-02-18,Cheque
CMD542,O252,2026-06-16,Leasing
CMD543,O254,2026-03-10,Credit
CMD544,O255,2026-03-31,Credit
CMD545,O256,2026-09-04,Paiement comptant
CMD546,O257,2026-06-21,Paiement comptant
CMD547,O258,2026-08-18,Leasing
CMD548,O260,2026-09-19,Paiement 3x
CMD549,O263,2026-09-15,Cheque
CMD550,O265,2026-01-07,Paiement 3x
CMD551,O267,2026-01-11,Cheque
CMD552,O268,2026-03-05,Credit
CMD553,O269,2026-05-02,Leasing
CMD554,O270,2026-05-05,Cheque
CMD555,O271,2026-02-10,Paiement comptant
CMD556,O272,2026-03-12,Credit
CMD557,O273,2026-09-13,Credit
CMD558,O274,2026-04-14,Paiement 3x
CMD559,O275,2026-07-12,Paiement 3x
CMD560,O276,2026-01-20,Paiement 3x
CMD561,O277,2026-08-16,Credit
CMD562,O278,2026-03-10,Credit
CMD563,O279,2026-06-12,Paiement comptant
CMD564,O281,2026-09-24,Leasing
CMD565,O284,2026-05-28,Paiement comptant
CMD566,O285,2026-04-28,Credit
CMD567,O286,2026-06-25,Paiement 3x
CMD568,O287,2026-04-16,Cheque
CMD569,O288,2026-01-28,Paiement 3x
CMD570,O289,2026-04-24,Cheque
CMD571,O290,2026-07-15,Cheque
CMD572,O291,2026-06-14,Paiement 3x
CMD573,O292,2026-08-15,Paiement comptant
CMD574,O295,2026-02-03,Leasing
CMD575,O296,2026-02-05,Paiement 3x
CMD576,O297,2026-01-27,Paiement 3x
CMD577,O298,2026-04-15,Paiement 3x
CMD578,O300,2026-02-16,Paiement 3x
CMD579,O302,2026-04-15,Paiement 3x
CMD580,O304,2026-09-17,Paiement comptant
CMD581,O305,2026-08-07,Leasing
CMD582,O306,2026-06-09,Paiement 3x
CMD583,O307,2026-04-12,Paiement 3x
CMD584,O308,2026-08-06,Paiement 3x
CMD585,O310,2026-05-08,Credit
CMD586,O311,2026-05-27,Cheque
CMD587,O312,2026-08-18,Paiement 3x
CMD588,O313,2026-05-20,Leasing
CMD589,O314,2026-02-10,Credit
CMD590,O316,2026-07-23,Leasing
CMD591,O317,2026-03-27,Leasing
CMD592,O318,2026-08-14,Leasing
CMD593,O319,2026-09-16,Cheque
CMD594,O320,2026-08-10,Paiement 3x
CMD595,O323,2026-09-04,Paiement comptant
CMD596,O324,2026-07-15,Leasing
CMD597,O326,2026-02-12,Credit
CMD598,O328,2026-03-20,Cheque
CMD599,O329,2026-03-31,Credit
CMD600,O331,2026-07-14,Leasing
CMD601,O332,2026-06-06,Leasing
CMD602,O333,2026-05-26,Leasing
CMD603,O334,2026-09-04,Paiement comptant
CMD604,O336,2026-06-20,Paiement 3x
CMD605,O339,2026-08-29,Paiement 3x
CMD606,O340,2026-03-21,Paiement 3x
CMD607,O341,2026-01-03,Paiement comptant
CMD608,O343,2026-09-14,Credit
CMD609,O344,2026-09-09,Leasing
CMD610,O345,2026-08-01,Leasing
CMD611,O346,2026-07-11,Leasing
CMD612,O347,2026-09-08,Credit
CMD613,O348,2026-02-06,Leasing
CMD614,O349,2026-01-20,Paiement comptant
CMD615,O350,2026-07-17,Cheque
CMD616,O351,2026-03-25,Paiement 3x
CMD617,O352,2026-08-12,Credit
CMD618,O355,2026-06-28,Cheque
CMD619,O356,2026-09-08,Credit
CMD620,O358,2026-01-30,Leasing
CMD621,O359,2026-08-06,Paiement 3x
CMD622,O360,2026-05-05,Leasing
CMD623,O362,2026-01-18,Credit
CMD624,O363,2026-01-15,Paiement 3x
CMD625,O364,2026-05-14,Cheque
CMD626,O367,2026-08-22,Paiement 3x
CMD627,O368,2026-05-11,Paiement 3x
CMD628,O371,2026-03-24,Paiement comptant
CMD629,O372,2026-03-01,Paiement comptant
CMD630,O373,2026-07-16,Leasing
CMD631,O374,2026-02-11,Cheque
CMD632,O375,2026-04-07,Leasing
CMD633,O377,2026-03-26,Leasing
CMD634,O378,2026-05-10,Credit
CMD635,O379,2026-09-14,Cheque
CMD636,O381,2026-07-15,Cheque
CMD637,O382,2026-06-07,Leasing
CMD638,O383,2026-02-15,Paiement comptant
CMD639,O385,2026-06-26,Paiement 3x
CMD640,O386,2026-05-18,Paiement 3x
CMD641,O387,2026-07-23,Credit
CMD642,O389,2026-01-04,Paiement 3x
CMD643,O390,2026-09-09,Paiement comptant
CMD644,O391,2026-02-19,Paiement comptant
CMD645,O392,2026-08-02,Cheque
CMD646,O393,2026-08-02,Credit
CMD647,O395,2026-08-09,Paiement 3x
CMD648,O398,2026-04-01,Credit
CMD649,O399,2026-04-06,Paiement 3x
CMD650,O401,2026-04-12,Leasing
CMD651,O402,2026-04-04,Cheque
CMD652,O403,2026-02-26,Leasing
CMD653,O404,2026-04-19,Paiement 3x
CMD654,O405,2026-04-13,Paiement comptant
CMD655,O406,2026-04-04,Paiement 3x
CMD656,O407,2026-05-13,Leasing
CMD657,O408,2026-08-14,Cheque
CMD658,O410,2026-02-25,Paiement 3x
CMD659,O411,2026-02-10,Credit
CMD660,O412,2026-02-13,Leasing
CMD661,O413,2026-03-05,Credit
CMD662,O414,2026-02-02,Credit
CMD663,O417,2026-01-16,Cheque
CMD664,O420,2026-05-01,Leasing
CMD665,O421,2026-09-06,Paiement comptant
CMD666,O422,2026-01-05,Paiement comptant
CMD667,O423,2026-05-17,Paiement comptant
CMD668,O425,2026-01-22,Paiement comptant
CMD669,O426,2026-04-19,Cheque
CMD670,O427,2026-01-04,Leasing
CMD671,O428,2026-09-24,Credit
CMD672,O432,2026-09-06,Leasing
CMD673,O435,2026-06-22,Cheque
CMD674,O436,2026-08-08,Credit
CMD675,O437,2026-07-09,Credit
CMD676,O439,2026-06-11,Paiement 3x
CMD677,O440,2026-07-04,Leasing
CMD678,O441,2026-07-13,Cheque
CMD679,O444,2026-01-30,Credit
CMD680,O445,2026-06-19,Paiement comptant
CMD681,O447,2026-01-02,Leasing
CMD682,O448,2026-07-25,Paiement 3x
CMD683,O449,2026-01-14,Cheque
CMD684,O450,2026-03-04,Cheque
CMD685,O451,2026-05-24,Paiement 3x
CMD686,O452,2026-07-08,Leasing
CMD687,O453,2026-09-01,Cheque
CMD688,O454,2026-07-31,Paiement 3x
CMD689,O456,2026-01-02,Credit
CMD690,O457,2026-01-09,Credit
CMD691,O459,2026-01-24,Credit
CMD692,O460,2026-08-16,Paiement 3x
CMD693,O461,2026-09-06,Leasing
CMD694,O462,2026-02-11,Credit
CMD695,O463,2026-08-08,Leasing
CMD696,O464,2026-02-21,Leasing
CMD697,O465,2026-05-31,Cheque
CMD698,O466,2026-04-10,Paiement 3x
CMD699,O467,2026-09-24,Cheque
CMD700,O468,2026-09-16,Paiement comptant
CMD701,O472,2026-03-07,Leasing
CMD702,O474,2026-02-14,Credit
CMD703,O475,2026-08-28,Paiement 3x
CMD704,O476,2026-08-17,Paiement comptant
CMD705,O477,2026-09-04,Cheque
CMD706,O479,2026-05-04,Paiement 3x
CMD707,O480,2026-04-19,Paiement 3x
CMD708,O481,2026-02-15,Paiement comptant
CMD709,O484,2026-08-11,Paiement comptant
CMD710,O485,2026-03-24,Credit
CMD711,O486,2026-07-16,Credit
CMD712,O487,2026-04-23,Credit
CMD713,O489,2026-09-01,Paiement comptant
CMD714,O490,2026-03-11,Cheque
CMD715,O491,2026-09-09,Paiement comptant
CMD716,O493,2026-06-20,Paiement 3x
CMD717,O494,2026-02-03,Credit
CMD718,O495,2026-07-13,Leasing
CMD719,O496,2026-08-12,Paiement 3x
CMD720,O497,2026-04-25,Credit
CMD721,O498,2026-03-01,Credit
CMD722,O499,2026-02-14,Paiement comptant
CMD723,O500,2026-02-15,Credit
CMD724,O501,2026-04-07,Paiement comptant
CMD725,O502,2026-07-08,Paiement 3x
CMD726,O503,2026-06-10,Leasing
CMD727,O504,2026-01-01,Credit
CMD728,O505,2026-02-01,Cheque
CMD729,O506,2026-04-08,Leasing
CMD730,O507,2026-08-05,Credit
CMD731,O508,2026-07-06,Paiement 3x
CMD732,O509,2026-09-24,Cheque
CMD733,O510,2026-04-24,Paiement comptant
CMD734,O511,2026-07-22,Paiement comptant
CMD735,O512,2026-08-24,Credit
CMD736,O515,2026-03-16,Credit
CMD737,O517,2026-04-23,Leasing
CMD738,O519,2026-08-22,Paiement 3x
CMD739,O520,2026-05-26,Paiement 3x
CMD740,O521,2026-01-18,Cheque
CMD741,O522,2026-06-13,Credit
CMD742,O523,2026-09-15,Paiement comptant
CMD743,O525,2026-05-21,Cheque
CMD744,O527,2026-09-02,Paiement 3x
CMD745,O528,2026-09-11,Credit
CMD746,O529,2026-07-12,Paiement comptant
CMD747,O530,2026-06-20,Paiement 3x
CMD748,O531,2026-04-18,Paiement 3x
CMD749,O532,2026-01-27,Paiement 3x
CMD750,O534,2026-09-07,Leasing
CMD751,O535,2026-06-03,Paiement 3x
CMD752,O536,2026-01-12,Cheque
CMD753,O537,2026-07-20,Credit
CMD754,O538,2026-08-05,Leasing
CMD755,O539,2026-06-28,Leasing
CMD756,O541,2026-07-20,Paiement comptant
CMD757,O544,2026-09-28,Credit
CMD758,O545,2026-05-25,Paiement 3x
CMD759,O546,2026-07-21,Paiement comptant
CMD760,O549,2026-03-09,Credit
CMD761,O550,2026-01-28,Credit
CMD762,O551,2026-08-23,Paiement 3x
CMD763,O552,2026-03-12,Leasing
CMD764,O553,2026-09-05,Credit
CMD765,O555,2026-03-16,Paiement 3x
CMD766,O556,2026-04-22,Paiement 3x
CMD767,O557,2026-01-05,Credit
CMD768,O558,2026-02-22,Paiement 3x
CMD769,O559,2026-07-12,Leasing
CMD770,O561,2026-03-28,Paiement comptant
CMD771,O563,2026-02-19,Credit
CMD772,O565,2026-08-31,Paiement 3x
CMD773,O566,2026-01-27,Paiement comptant
CMD774,O568,2026-09-21,Credit
CMD775,O569,2026-08-11,Paiement 3x
CMD776,O571,2026-07-26,Paiement 3x
CMD777,O572,2026-01-18,Paiement comptant
CMD778,O573,2026-05-04,Leasing
CMD779,O574,2026-09-08,Credit
CMD780,O575,2026-03-30,Leasing
CMD781,O576,2026-02-15,Leasing
CMD782,O578,2026-07-15,Credit
CMD783,O579,2026-08-16,Credit
CMD784,O581,2026-01-06,Paiement comptant
CMD785,O583,2026-03-01,Paiement comptant
CMD786,O587,2026-03-04,Leasing
CMD787,O588,2026-09-18,Paiement 3x
CMD788,O589,2026-01-12,Cheque
CMD789,O590,2026-09-03,Credit
CMD790,O591,2026-02-18,Cheque
CMD791,O594,2026-04-03,Leasing
CMD792,O595,2026-09-05,Leasing
CMD793,O598,2026-06-02,Cheque
CMD794,O600,2026-03-06,Paiement comptant
CMD795,O601,2026-06-16,Paiement comptant
CMD796,O603,2026-04-05,Leasing
CMD797,O604,2026-01-11,Leasing
CMD798,O605,2026-09-29,Leasing
CMD799,O606,2026-02-02,Cheque
CMD800,O607,2026-03-05,Paiement 3x
CMD801,O609,2026-03-02,Paiement 3x
CMD802,O610,2026-04-03,Paiement comptant
CMD803,O611,2026-08-17,Credit
CMD804,O614,2026-03-04,Paiement comptant
CMD805,O615,2026-03-07,Cheque
CMD806,O616,2026-04-16,Paiement 3x
CMD807,O617,2026-02-14,Cheque
CMD808,O618,2026-05-12,Paiement comptant
CMD809,O619,2026-02-13,Paiement comptant
CMD810,O621,2026-09-17,Credit
CMD811,O623,2026-07-06,Cheque
CMD812,O625,2026-03-29,Leasing
CMD813,O626,2026-01-01,Paiement 3x
CMD814,O627,2026-06-03,Paiement comptant
CMD815,O628,2026-09-23,Credit
CMD816,O629,2026-08-16,Paiement 3x
CMD817,O632,2026-09-09,Credit
CMD818,O634,2026-09-25,Credit
CMD819,O635,2026-09-19,Paiement 3x
CMD820,O636,2026-02-20,Paiement comptant
CMD821,O637,2026-05-02,Paiement comptant
CMD822,O638,2026-04-07,Paiement 3x
CMD823,O639,2026-06-03,Paiement 3x
CMD824,O640,2026-03-10,Cheque
CMD825,O641,2026-04-21,Cheque
CMD826,O642,2026-07-03,Credit
CMD827,O643,2026-03-07,Cheque
CMD828,O644,2026-08-05,Paiement comptant
CMD829,O645,2026-05-11,Credit
CMD830,O646,2026-07-15,Paiement 3x
CMD831,O647,2026-07-24,Leasing
CMD832,O651,2026-02-12,Credit
CMD833,O652,2026-08-06,Paiement 3x
CMD834,O653,2026-04-15,Paiement comptant
CMD835,O654,2026-05-18,Paiement 3x
CMD836,O655,2026-07-10,Cheque
CMD837,O656,2026-09-19,Cheque
CMD838,O658,2026-03-25,Leasing
CMD839,O659,2026-03-20,Credit
CMD840,O660,2026-08-11,Leasing
CMD841,O662,2026-01-14,Cheque
CMD842,O663,2026-05-07,Paiement comptant
CMD843,O664,2026-05-19,Paiement comptant
CMD844,O665,2026-09-30,Paiement comptant
CMD845,O666,2026-07-28,Paiement comptant
CMD846,O667,2026-06-18,Paiement comptant
CMD847,O668,2026-07-05,Credit
CMD848,O669,2026-05-20,Paiement 3x
CMD849,O670,2026-04-26,Credit
CMD850,O671,2026-01-06,Paiement comptant
CMD851,O672,2026-07-13,Paiement 3x
CMD852,O673,2026-07-13,Paiement comptant
CMD853,O674,2026-03-05,Paiement 3x
CMD854,O675,2026-09-27,Credit
CMD855,O676,2026-09-08,Paiement comptant
CMD856,O678,2026-09-28,Credit
CMD857,O679,2026-05-25,Cheque
CMD858,O680,2026-05-19,Cheque
CMD859,O681,2026-02-20,Paiement comptant
CMD860,O682,2026-03-29,Credit
CMD861,O685,2026-07-19,Paiement 3x
CMD862,O686,2026-06-26,Cheque
CMD863,O688,2026-07-26,Leasing
CMD864,O689,2026-03-07,Credit
CMD865,O691,2026-01-05,Cheque
CMD866,O692,2026-03-21,Paiement 3x
CMD867,O693,2026-03-15,Leasing
CMD868,O695,2026-05-17,Paiement comptant
CMD869,O698,2026-07-09,Paiement 3x
CMD870,O699,2026-08-03,Leasing
CMD871,O700,2026-04-04,Leasing
CMD872,O701,2026-07-01,Leasing
CMD873,O702,2026-09-15,Credit
CMD874,O703,2026-05-22,Leasing
CMD875,O704,2026-09-24,Paiement 3x
CMD876,O707,2026-06-06,Paiement comptant
CMD877,O708,2026-06-06,Leasing
CMD878,O710,2026-06-10,Paiement comptant
CMD879,O712,2026-02-10,Paiement comptant
CMD880,O713,2026-05-03,Paiement comptant
CMD881,O714,2026-03-26,Cheque
CMD882,O715,2026-01-30,Paiement comptant
CMD883,O716,2026-05-27,Cheque
CMD884,O717,2026-09-10,Paiement comptant
CMD885,O718,2026-08-06,Cheque
CMD886,O720,2026-03-11,Leasing
CMD887,O722,2026-09-12,Cheque
CMD888,O723,2026-09-30,Paiement comptant
CMD889,O724,2026-07-27,Paiement comptant
CMD890,O725,2026-04-08,Paiement comptant
CMD891,O726,2026-08-06,Cheque
CMD892,O727,2026-06-26,Paiement 3x
CMD893,O729,2026-09-28,Cheque
CMD894,O731,2026-01-22,Cheque
CMD895,O732,2026-08-18,Paiement 3x
CMD896,O733,2026-09-26,Paiement 3x
CMD897,O734,2026-03-31,Paiement comptant
CMD898,O736,2026-07-07,Paiement 3x
CMD899,O738,2026-09-21,Credit
CMD900,O739,2026-01-27,Leasing
CMD901,O740,2026-09-11,Leasing
CMD902,O741,2026-03-29,Credit
CMD903,O743,2026-02-27,Credit
CMD904,O744,2026-05-08,Cheque
CMD905,O745,2026-03-02,Credit
CMD906,O746,2026-06-03,Leasing
CMD907,O747,2026-05-31,Credit
CMD908,O748,2026-04-20,Paiement comptant
CMD909,O749,2026-07-21,Paiement 3x
CMD910,O750,2026-06-06,Cheque
CMD911,O752,2026-01-19,Leasing
CMD912,O753,2026-09-07,Paiement comptant
CMD913,O754,2026-07-02,Paiement comptant
CMD914,O755,2026-08-24,Credit
CMD915,O756,2026-06-02,Credit
CMD916,O757,2026-02-24,Paiement comptant
CMD917,O758,2026-06-29,Paiement 3x
CMD918,O759,2026-07-25,Credit
CMD919,O760,2026-01-05,Paiement comptant
CMD920,O762,2026-08-09,Leasing
CMD921,O763,2026-04-12,Paiement comptant
CMD922,O764,2026-09-28,Cheque
CMD923,O765,2026-03-20,Leasing
CMD924,O767,2026-03-05,Leasing
CMD925,O768,2026-01-04,Paiement 3x
CMD926,O769,2026-05-09,Paiement 3x
CMD927,O770,2026-08-29,Leasing
CMD928,O771,2026-07-11,Credit
CMD929,O772,2026-07-06,Leasing
CMD930,O773,2026-04-04,Cheque
CMD931,O774,2026-05-18,Paiement comptant
CMD932,O775,2026-08-13,Leasing
CMD933,O778,2026-03-24,Paiement 3x
CMD934,O779,2026-07-01,Leasing
CMD935,O781,2026-01-03,Credit
CMD936,O783,2026-04-12,Paiement comptant
CMD937,O784,2026-04-08,Credit
CMD938,O785,2026-01-21,Paiement 3x
CMD939,O786,2026-07-22,Leasing
CMD940,O788,2026-06-19,Paiement comptant
CMD941,O790,2026-03-24,Paiement 3x
CMD942,O792,2026-09-03,Credit
CMD943,O793,2026-03-02,Leasing
CMD944,O794,2026-09-08,Cheque
CMD945,O795,2026-09-11,Paiement 3x
CMD946,O797,2026-06-16,Leasing
CMD947,O799,2026-09-14,Leasing
CMD948,O802,2026-03-09,Paiement comptant
CMD949,O804,2026-02-25,Paiement comptant
CMD950,O806,2026-03-06,Paiement 3x
CMD951,O807,2026-06-26,Cheque
CMD952,O808,2026-01-07,Paiement 3x
CMD953,O809,2026-01-27,Credit
CMD954,O810,2026-08-08,Cheque
CMD955,O812,2026-01-05,Leasing
CMD956,O813,2026-09-03,Credit
CMD957,O814,2026-05-25,Leasing
CMD958,O816,2026-02-12,Leasing
CMD959,O817,2026-05-07,Cheque
CMD960,O821,2026-03-20,Cheque
CMD961,O822,2026-04-06,Paiement 3x
CMD962,O823,2026-05-24,Paiement comptant
CMD963,O825,2026-05-15,Paiement 3x
CMD964,O826,2026-08-08,Paiement 3x
CMD965,O830,2026-08-31,Paiement comptant
CMD966,O831,2026-09-15,Cheque
CMD967,O832,2026-04-03,Paiement 3x
CMD968,O833,2026-03-18,Paiement 3x
CMD969,O834,2026-03-03,Paiement 3x
CMD970,O835,2026-07-25,Paiement comptant
CMD971,O837,2026-05-21,Paiement 3x
CMD972,O839,2026-03-16,Leasing
CMD973,O840,2026-01-10,Cheque
CMD974,O841,2026-04-13,Paiement comptant
CMD975,O843,2026-01-27,Leasing
CMD976,O844,2026-07-28,Cheque
CMD977,O846,2026-06-06,Paiement 3x
CMD978,O847,2026-04-24,Credit
CMD979,O848,2026-08-07,Leasing
CMD980,O849,2026-02-01,Cheque
CMD981,O850,2026-08-07,Paiement comptant
CMD982,O851,2026-06-05,Paiement comptant
CMD983,O853,2026-05-18,Credit
CMD984,O854,2026-05-24,Credit
CMD985,O857,2026-08-03,Paiement 3x
CMD986,O858,2026-06-13,Paiement comptant
CMD987,O860,2026-04-04,Paiement comptant
CMD988,O861,2026-01-01,Paiement comptant
CMD989,O862,2026-06-14,Paiement 3x
CMD990,O864,2026-05-27,Leasing
CMD991,O866,2026-05-24,Cheque
CMD992,O867,2026-02-21,Leasing
CMD993,O868,2026-04-05,Credit
CMD994,O869,2026-09-09,Credit
CMD995,O871,2026-06-21,Credit
CMD996,O874,2026-02-27,Paiement comptant
CMD997,O875,2026-01-07,Cheque
CMD998,O876,2026-03-08,Credit
CMD999,O877,2026-07-04,Credit
CMD1000,O878,2026-09-28,Cheque
CMD1001,O879,2026-07-10,Paiement 3x
CMD1002,O880,2026-05-22,Paiement 3x
CMD1003,O881,2026-07-16,Paiement comptant
CMD1004,O882,2026-02-24,Paiement 3x
CMD1005,O883,2026-03-03,Paiement comptant
CMD1006,O884,2026-04-08,Paiement 3x
CMD1007,O886,2026-08-17,Paiement comptant
CMD1008,O889,2026-02-08,Cheque
CMD1009,O891,2026-06-25,Credit
CMD1010,O893,2026-08-31,Paiement 3x
CMD1011,O894,2026-03-20,Paiement comptant
CMD1012,O895,2026-03-07,Paiement 3x
CMD1013,O896,2026-08-03,Cheque
CMD1014,O897,2026-05-10,Cheque
CMD1015,O898,2026-06-27,Credit
CMD1016,O899,2026-08-18,Paiement comptant
CMD1017,O900,2026-08-12,Paiement comptant
CMD1018,O902,2026-09-05,Leasing
CMD1019,O903,2026-09-26,Cheque
CMD1020,O905,2026-01-12,Paiement 3x
CMD1021,O906,2026-05-21,Paiement 3x
CMD1022,O907,2026-05-29,Paiement comptant
CMD1023,O910,2026-02-01,Paiement 3x
CMD1024,O911,2026-07-23,Leasing
CMD1025,O914,2026-09-30,Cheque
CMD1026,O915,2026-02-08,Paiement 3x
CMD1027,O916,2026-08-13,Cheque
CMD1028,O917,2026-07-16,Cheque
CMD1029,O918,2026-07-19,Leasing
CMD1030,O919,2026-05-20,Paiement 3x
CMD1031,O921,2026-04-05,Paiement comptant
CMD1032,O924,2026-03-23,Cheque
CMD1033,O925,2026-04-22,Cheque
CMD1034,O926,2026-01-05,Cheque
CMD1035,O927,2026-08-22,Cheque
CMD1036,O928,2026-09-26,Credit
CMD1037,O929,2026-06-05,Paiement 3x
CMD1038,O930,2026-06-01,Credit
CMD1039,O932,2026-03-02,Paiement 3x
CMD1040,O933,2026-04-25,Paiement comptant
CMD1041,O934,2026-05-02,Credit
CMD1042,O936,2026-01-21,Paiement 3x
CMD1043,O937,2026-05-23,Paiement 3x
CMD1044,O938,2026-05-19,Paiement comptant
CMD1045,O939,2026-05-08,Paiement 3x
CMD1046,O942,2026-03-01,Paiement comptant
CMD1047,O943,2026-06-27,Cheque
CMD1048,O944,2026-07-08,Credit
CMD1049,O946,2026-02-12,Cheque
CMD1050,O947,2026-05-16,Paiement 3x
CMD1051,O948,2026-07-29,Cheque
CMD1052,O949,2026-05-31,Credit
CMD1053,O950,2026-01-30,Paiement comptant
CMD1054,O951,2026-07-02,Paiement 3x
CMD1055,O952,2026-05-24,Paiement 3x
CMD1056,O953,2026-05-12,Paiement comptant
CMD1057,O956,2026-02-24,Leasing
CMD1058,O958,2026-05-12,Cheque
CMD1059,O959,2026-04-16,Leasing
CMD1060,O961,2026-04-23,Credit
CMD1061,O962,2026-05-18,Paiement 3x
CMD1062,O963,2026-07-22,Paiement 3x
CMD1063,O964,2026-08-17,Paiement 3x
CMD1064,O965,2026-08-11,Credit
CMD1065,O969,2026-03-17,Leasing
CMD1066,O970,2026-02-17,Leasing
CMD1067,O972,2026-04-03,Leasing
CMD1068,O974,2026-04-05,Paiement 3x
CMD1069,O975,2026-04-07,Cheque
CMD1070,O977,2026-09-09,Paiement 3x
CMD1071,O978,2026-05-25,Paiement comptant
CMD1072,O979,2026-06-08,Paiement 3x
CMD1073,O981,2026-04-01,Leasing
CMD1074,O982,2026-04-07,Paiement comptant
CMD1075,O984,2026-03-15,Paiement comptant
CMD1076,O985,2026-08-07,Paiement 3x
CMD1077,O986,2026-08-21,Leasing
CMD1078,O987,2026-02-21,Cheque
CMD1079,O988,2026-03-12,Paiement comptant
CMD1080,O989,2026-02-21,Leasing
CMD1081,O992,2026-07-16,Paiement comptant
CMD1082,O994,2026-02-26,Paiement comptant
CMD1083,O995,2026-01-23,Paiement 3x
CMD1084,O998,2026-05-08,Paiement comptant
CMD1085,O999,2026-05-18,Paiement 3x
CMD1086,O1000,2026-01-07,Paiement comptant
CMD1087,O1002,2026-02-24,Cheque
CMD1088,O1003,2026-06-23,Paiement comptant
CMD1089,O1004,2026-04-14,Paiement 3x
CMD1090,O1006,2026-09-03,Cheque
CMD1091,O1008,2026-08-16,Paiement 3x
CMD1092,O1009,2026-06-07,Credit
CMD1093,O1010,2026-09-03,Paiement 3x
CMD1094,O1011,2026-05-05,Paiement comptant
CMD1095,O1013,2026-05-17,Cheque
CMD1096,O1015,2026-03-05,Paiement comptant
CMD1097,O1018,2026-01-23,Paiement comptant
CMD1098,O1022,2026-06-01,Paiement comptant
CMD1099,O1023,2026-09-19,Leasing
CMD1100,O1024,2026-03-14,Paiement comptant
CMD1101,O1026,2026-04-25,Paiement comptant
CMD1102,O1028,2026-04-27,Leasing
CMD1103,O1029,2026-07-17,Paiement 3x
CMD1104,O1030,2026-06-30,Credit
CMD1105,O1032,2026-04-26,Leasing
CMD1106,O1033,2026-02-27,Leasing
CMD1107,O1034,2026-03-28,Paiement comptant
CMD1108,O1036,2026-04-25,Paiement comptant
CMD1109,O1037,2026-05-25,Credit
CMD1110,O1038,2026-02-09,Cheque
CMD1111,O1039,2026-06-20,Paiement comptant
CMD1112,O1040,2026-07-04,Paiement comptant
CMD1113,O1041,2026-01-23,Cheque
CMD1114,O1042,2026-03-19,Paiement 3x
CMD1115,O1044,2026-08-08,Cheque
CMD1116,O1045,2026-06-21,Cheque
CMD1117,O1046,2026-04-03,Leasing
CMD1118,O1047,2026-03-18,Credit
CMD1119,O1049,2026-05-27,Credit
CMD1120,O1051,2026-02-23,Credit
CMD1121,O1052,2026-09-13,Credit
CMD1122,O1053,2026-05-16,Paiement comptant
CMD1123,O1054,2026-01-02,Paiement 3x
CMD1124,O1055,2026-03-17,Credit
CMD1125,O1056,2026-03-17,Leasing
CMD1126,O1057,2026-08-17,Leasing
CMD1127,O1058,2026-02-04,Paiement comptant
CMD1128,O1059,2026-08-07,Credit
CMD1129,O1060,2026-03-16,Paiement comptant
CMD1130,O1062,2026-06-15,Paiement 3x
CMD1131,O1063,2026-04-04,Leasing
CMD1132,O1064,2026-06-30,Credit
CMD1133,O1065,2026-09-11,Leasing
CMD1134,O1066,2026-09-04,Leasing
CMD1135,O1067,2026-06-20,Paiement 3x
CMD1136,O1068,2026-05-06,Leasing
CMD1137,O1070,2026-08-03,Cheque
CMD1138,O1071,2026-09-12,Cheque
CMD1139,O1073,2026-09-10,Cheque
CMD1140,O1074,2026-04-28,Leasing
CMD1141,O1075,2026-02-12,Cheque
CMD1142,O1076,2026-08-04,Cheque
CMD1143,O1077,2026-04-23,Paiement comptant
CMD1144,O1080,2026-05-01,Credit
CMD1145,O1082,2026-01-02,Paiement 3x
CMD1146,O1083,2026-01-09,Credit
CMD1147,O1084,2026-08-31,Paiement 3x
CMD1148,O1085,2026-02-26,Paiement comptant
CMD1149,O1086,2026-06-28,Credit
CMD1150,O1087,2026-03-13,Credit
CMD1151,O1090,2026-08-24,Paiement 3x
CMD1152,O1092,2026-08-04,Paiement 3x
CMD1153,O1094,2026-04-18,Paiement 3x
CMD1154,O1095,2026-01-29,Paiement 3x
CMD1155,O1096,2026-03-02,Paiement 3x
CMD1156,O1097,2026-07-13,Paiement comptant
CMD1157,O1098,2026-08-06,Credit
CMD1158,O1099,2026-01-28,Paiement comptant
CMD1159,O1101,2026-02-07,Leasing
CMD1160,O1104,2026-03-22,Paiement comptant
CMD1161,O1105,2026-03-17,Credit
CMD1162,O1106,2026-03-14,Paiement comptant
CMD1163,O1107,2026-05-06,Paiement comptant
CMD1164,O1108,2026-01-07,Cheque
CMD1165,O1109,2026-08-02,Paiement 3x
CMD1166,O1110,2026-04-04,Leasing
CMD1167,O1111,2026-03-13,Cheque
CMD1168,O1112,2026-06-03,Leasing
CMD1169,O1113,2026-07-30,Credit
CMD1170,O1114,2026-08-16,Paiement comptant
CMD1171,O1116,2026-05-27,Paiement comptant
CMD1172,O1117,2026-03-21,Paiement comptant
CMD1173,O1118,2026-01-17,Cheque
CMD1174,O1120,2026-03-30,Cheque
CMD1175,O1122,2026-03-24,Paiement comptant
CMD1176,O1123,2026-07-22,Leasing
CMD1177,O1127,2026-08-21,Cheque
CMD1178,O1129,2026-05-13,Cheque
CMD1179,O1130,2026-09-14,Credit
CMD1180,O1132,2026-04-27,Leasing
CMD1181,O1134,2026-03-22,Credit
CMD1182,O1136,2026-02-17,Cheque
CMD1183,O1137,2026-07-13,Paiement 3x
CMD1184,O1138,2026-04-19,Leasing
CMD1185,O1139,2026-01-29,Paiement 3x
CMD1186,O1140,2026-07-20,Paiement 3x
CMD1187,O1141,2026-02-09,Leasing
CMD1188,O1142,2026-09-02,Credit
CMD1189,O1144,2026-07-27,Leasing
CMD1190,O1147,2026-03-26,Paiement comptant
CMD1191,O1148,2026-07-10,Leasing
CMD1192,O1150,2026-04-10,Credit
CMD1193,O1151,2026-02-25,Paiement comptant
CMD1194,O1152,2026-02-09,Credit
CMD1195,O1153,2026-06-21,Paiement comptant
CMD1196,O1154,2026-05-03,Credit
CMD1197,O1155,2026-03-25,Cheque
CMD1198,O1156,2026-02-24,Paiement comptant
CMD1199,O1157,2026-04-19,Cheque
CMD1200,O1158,2026-01-06,Credit
CMD1201,O1159,2026-04-07,Cheque
CMD1202,O1160,2026-04-14,Paiement comptant
CMD1203,O1161,2026-05-04,Credit
CMD1204,O1162,2026-02-13,Cheque
CMD1205,O1163,2026-01-23,Cheque
CMD1206,O1165,2026-09-05,Paiement comptant
CMD1207,O1166,2026-01-25,Credit
CMD1208,O1167,2026-02-17,Credit
CMD1209,O1168,2026-01-05,Credit
CMD1210,O1169,2026-05-25,Leasing
CMD1211,O1170,2026-09-14,Paiement 3x
CMD1212,O1171,2026-06-11,Leasing
CMD1213,O1173,2026-07-02,Paiement 3x
CMD1214,O1174,2026-02-19,Credit
CMD1215,O1175,2026-07-28,Cheque
CMD1216,O1176,2026-02-21,Cheque
CMD1217,O1178,2026-03-18,Paiement comptant
CMD1218,O1180,2026-07-15,Leasing
CMD1219,O1181,2026-01-20,Credit
CMD1220,O1182,2026-03-24,Paiement 3x
CMD1221,O1184,2026-08-26,Paiement comptant
CMD1222,O1186,2026-02-17,Paiement 3x
CMD1223,O1187,2026-04-21,Paiement 3x
CMD1224,O1188,2026-03-24,Cheque
CMD1225,O1189,2026-09-22,Cheque
CMD1226,O1190,2026-09-25,Credit
CMD1227,O1191,2026-08-18,Paiement 3x
CMD1228,O1192,2026-06-23,Credit
CMD1229,O1193,2026-07-04,Cheque
CMD1230,O1194,2026-08-09,Paiement comptant
CMD1231,O1195,2026-07-18,Paiement 3x
CMD1232,O1198,2026-04-17,Cheque
CMD1233,O1199,2026-02-08,Paiement 3x
CMD1234,O1200,2026-09-12,Paiement comptant
