IdDemande,IdClient,Date_Demande,caracteristiques_souhaitees
D101,C049,2026-05-15,Citadine Rouge
D102,C033,2026-05-28,Berline Rouge
D103,C088,2026-06-04,SUV Bleu
D104,C069,2026-03-25,SUV Bleu
D105,C044,2026-01-10,Berline Noire
D106,C021,2026-04-01,Citadine Noire
D107,C093,2026-03-17,Berline Verte
D108,C023,2026-05-04,SUV Rouge
D109,C081,2026-03-27,SUV Bleu
D110,C065,2026-05-07,Citadine Bleue
D111,C048,2026-02-18,Berline Verte
D112,C068,2026-01-20,Citadine Verte
D113,C063,2026-01-04,Citadine Blanche
D114,C047,2026-03-08,Berline Rouge
D115,C031,2026-05-03,SUV Noir
D116,C094,2026-04-27,SUV Noir
D117,C098,2026-05-25,Citadine Bleue
D118,C017,2026-06-16,Citadine Rouge
D119,C022,2026-03-17,SUV Rouge
D120,C078,2026-04-07,Citadine Blanche
D121,C070,2026-06-23,Berline Blanche
D122,C092,2026-03-13,SUV Bleu
D123,C084,2026-03-15,Citadine Blanche
D124,C067,2026-04-04,Berline Blanche
D125,C029,2026-01-11,Berline Rouge
D126,C076,2026-05-08,Berline Grise
D127,C029,2026-01-03,Citadine Noire
D128,C081,2026-01-08,SUV Noir
D129,C005,2026-03-03,Citadine Rouge
D130,C031,2026-03-22,SUV Blanc
D131,C028,2026-05-05,Citadine Noire
D132,C074,2026-05-16,Berline Blanche
D133,C061,2026-04-07,SUV Noir
D134,C013,2026-06-14,Citadine Verte
D135,C055,2026-04-15,SUV Rouge
D136,C094,2026-01-22,SUV Bleu
D137,C083,2026-01-02,Berline Noire
D138,C094,2026-03-26,SUV Rouge
D139,C014,2026-02-07,Berline Blanche
D140,C069,2026-04-05,Berline Noire
D141,C024,2026-03-15,Berline Blanche
D142,C010,2026-04-26,SUV Rouge
D143,C071,2026-01-02,SUV Bleu
D144,C070,2026-01-03,Citadine Blanche
D145,C097,2026-02-06,Berline Noire
D146,C063,2026-04-07,SUV Rouge
D147,C052,2026-01-06,Berline Noire
D148,C001,2026-04-09,Citadine Blanche
D149,C059,2026-03-14,Citadine Noire
D150,C094,2026-05-22,Citadine Noire
D151,C063,2026-02-07,SUV Gris
D152,C028,2026-01-19,Citadine Noire
D153,C070,2026-01-24,Citadine Verte
D154,C008,2026-01-19,SUV Blanc
D155,C065,2026-05-06,Berline Rouge
D156,C066,2026-01-28,Citadine Bleue
D157,C009,2026-05-03,SUV Bleu
D158,C031,2026-04-04,Citadine Blanche
D159,C073,2026-02-19,Berline Grise
D160,C006,2026-05-03,Berline Noire
D161,C085,2026-05-19,Citadine Rouge
D162,C041,2026-03-07,SUV Bleu
D163,C092,2026-03-08,SUV Gris
D164,C051,2026-02-22,SUV Bleu
D165,C039,2026-04-11,Citadine Blanche
D166,C097,2026-01-01,SUV Blanc
D167,C080,2026-05-04,SUV Noir
D168,C069,2026-02-17,SUV Gris
D169,C017,2026-03-03,Citadine Blanche
D170,C032,2026-03-10,Citadine Bleue
D171,C057,2026-05-23,SUV Gris
D172,C079,2026-06-17,Berline Rouge
D173,C086,2026-05-10,Citadine Blanche
D174,C085,2026-01-05,SUV Gris
D175,C015,2026-01-24,Citadine Rouge
D176,C020,2026-03-10,Berline Grise
D177,C027,2026-06-11,Berline Blanche
D178,C088,2026-06-28,SUV Gris
D179,C065,2026-04-09,Citadine Blanche
D180,C007,2026-01-21,Berline Noire
D181,C036,2026-01-01,Citadine Verte
D182,C099,2026-02-21,SUV Gris
D183,C021,2026-06-15,Citadine Rouge
D184,C091,2026-04-18,Berline Rouge
D185,C015,2026-01-23,Citadine Blanche
D186,C020,2026-05-02,SUV Rouge
D187,C048,2026-05-18,Citadine Bleue
D188,C056,2026-02-02,SUV Gris
D189,C047,2026-01-12,Berline Blanche
D190,C088,2026-02-22,SUV Noir
D191,C046,2026-05-28,Berline Noire
D192,C080,2026-06-05,Citadine Blanche
D193,C031,2026-02-26,Berline Verte
D194,C023,2026-04-01,Citadine Bleue
D195,C095,2026-03-26,Citadine Blanche
D196,C053,2026-06-28,Citadine Noire
D197,C032,2026-03-06,Berline Verte
D198,C090,2026-01-13,SUV Rouge
D199,C005,2026-04-08,Berline Blanche
D200,C059,2026-03-10,SUV Rouge
